insert into cozinha (id, nome) values (1, 'Tailandesa');
insert into cozinha (id, nome) values (2, 'Indiana');

insert into estado (id, nome) values (1, 'Minas Gerais');
insert into estado (id, nome) values (2, 'Sao Paulo');
insert into estado (id, nome) values (3, 'Ceara');

insert into cidade (id, nome, estado_id) values (1, 'Uberlandia', 1);
insert into cidade (id, nome, estado_id) values (2, 'Belo Horizonte', 1);
insert into cidade (id, nome, estado_id) values (3, 'Sao Paulo', 2);
insert into cidade (id, nome, estado_id) values (4, 'Campinas', 2);
insert into cidade (id, nome, estado_id) values (5, 'Fortaleza', 3);

insert into restaurante (id, nome, taxa_frete, cozinha_id, data_cadastro, data_atualizacao, endereco_cidade_id, endereco_cep, endereco_logradouro, endereco_numero, endereco_bairro) values (1, 'Thai Gourmet', 10, 1, utc_timestamp, utc_timestamp, 1, '38400-999', 'Rua John Parr', '1000', 'Centro');
insert into restaurante (id, nome, taxa_frete, cozinha_id, data_cadastro, data_atualizacao) values (2, 'Thai Delivery', 9.50, 1, utc_timestamp, utc_timestamp);
insert into restaurante (id, nome, taxa_frete, cozinha_id, data_cadastro, data_atualizacao) values (3, 'Tuk Tuk Comida Indiana', 15, 2, utc_timestamp, utc_timestamp);

insert into forma_pagamento (id, descricao) values (1, 'Cartao de credito');
insert into forma_pagamento (id, descricao) values (2, 'Cartao de debito');
insert into forma_pagamento (id, descricao) values (3, 'Dinheiro');

insert into permissao (id, nome, descricao) values (1, 'CONSULTAR_COZINHAS', 'Permite consultar cozinhas');
insert into permissao (id, nome, descricao) values (2, 'EDITAR_COZINHAS', 'Permite editar cozinhas');

insert into restaurante_forma_pagamento (restaurante_id, forma_pagamento_id) values (1, 1), (1, 2), (1, 3), (2, 3), (3, 2), (3, 3);